Abdullapurmet,17.39290237,78.47639465
Abids,17.3988825,78.4583566
AC Guards,17.407272,78.4564205
Accountant General Office,17.32406998,78.41230774
Acharya N G Ranga Agricultural University,17.44379807,78.51994324
Adda Gutta,17.23366737,78.54174042
Adibatla,17.4106636,78.5135498
Adikmet,17.61690521,78.65925598
Adraspally,17.37303162,78.47660065
Afzalgunj,17.37303162,78.47660065
AG Colony,17.13414764,78.671875
AG Colony,17.47949028,78.55844116
Agapally,17.38228989,78.46134186
Aghapura,17.32467461,78.54975891
AGRL Colony,17.40489578,78.44570923
Ahmed Nagar,17.40205765,78.51971436
Ahobhil Mutt,17.63166618,78.40361023
Air Force Academy(Dundigal),16.7904423,78.6816573
Ajilapur,17.44954491,78.43053436
Akanpally,17.08812714,78.38977051
Akulamilaram,17.0680976,78.572926
Alagadda Bhavi,17.43531227,78.51428223
Aliabad(Shamirpet),17.62853432,78.57181549
Aliabad,17.34774971,78.47062683
Alinagar,17.35669518,78.44286346
Alind,17.47658157,78.32461548
Alkapuri,17.36655045,78.55161285
Allwyn Colony,17.50044632,78.41603851
Allwyn X Road,17.498364,78.3638236
Almasguda,17.30932999,78.53320313
Alwal Bus Station,17.50205994,78.51396179
Alwal Police Station,17.50412178,78.51167297
Ambedkar College Stop,17.40078354,78.49925232
Ambedkar Nagar(Chinthal Basthi),17.40642357,78.45317078
Ambedkar Nagar(Kapra),17.50667572,78.58063507
Amberpet Bus Station,17.39134026,78.51623535
Amberpet Chowrasta,17.32020569,78.64173889
Amdapur,17.27782059,78.29059601
Amdur Solakpally Rd,17.64223671,78.25920868
Ameerpet Bus Station,17.43198395,78.44766235
Amuguda,17.49677849,78.5322113
Anajpur,17.27370834,78.69377899
Anand Bagh Gate,17.45853806,78.54094696
Anand Theatre,17.44355774,78.48297119
Anandbag,17.45853806,78.54094696
Anantharam,17.68826675,78.39273071
Ankireddipalli,17.54726219,78.68563843
Annapurna Colony,17.31054688,78.52330017
Annaram(Prakruthi Nivas),17.62798309,78.3840332
Anutex,17.45019341,78.53256226
AOC Gate,17.45656395,78.51399231
AOC,17.45898819,78.51504517
APIIC colony(ZTS),17.45400047,78.56009674
Apollo Pharmacy(Madhapur),17.44304085,78.38752747
Apollo Pharmacy(Malakpet),17.37375069,78.50091553
Appa Reddy Guda,17.31740189,78.22673798
Apuroopa,17.53069115,78.44930267
Aramaisamma Tent House,17.352735,78.377504
Aramghar(Shivarampally),17.32168961,78.43218231
Arts College MMTS,17.41846085,78.51992035
Arundhathi Colony,17.34057808,78.49118042
Arunodaya Nagar,17.375545,78.5640894
Arutla,17.13531494,78.75737
AS Rao Nagar,17.30988312,78.6865921
Asbestas Colony,17.4934597,78.42498779
Ascendas IT Park/VBIT,17.44543457,78.35287476
Ashok Gardens,17.46916008,78.48358154
Ashok Nagar(Kavadiguda),17.40943146,78.48945618
Ashoknagar(Lingampally),17.5044899,78.30873108
Asif Nagar,17.38988113,78.45180511
Assembly,17.40200806,78.46891022
Athwelli,17.3864413,77.8832227
Attapur,17.3699646,78.42906189
Aushapur Railway Gate,17.4581604,78.72170258
Aushapur,17.46340179,78.73530579
Aware Global Hospital,17.34318352,78.53946686
Azampura,17.37759018,78.48802948
Aziz Nagar X Road,17.343984,78.324438
Aziz Nagar,17.34400177,78.32444
Azzinatanda,17.0801389,78.7981442
Baba Nagar,17.2839756,78.47181702
Babika Chasma(Charminar),17.3600502,78.47147369
Bacharam,17.39380836,78.68951416
Bachupally,17.5468502,78.36502075
Bada Bazar,17.36188698,78.4846344
Badangpet,17.30690193,78.52533722
Badichowdi,17.38812447,78.48732758
Baghlingampally,17.39689255,78.49690247
Bahadurpally,17.55780792,78.43966675
Bahadurpura,17.35584068,78.45458984
Bakaram,17.28841972,78.31183624
Balaji nagar Bus Station,17.51261711,78.55977631
Balanagar,17.4673233,78.44558716
Balapur X Roads,17.3194294,78.51940155
Balapur,17.29508591,78.5036087
Balijaguda,17.338257,78.6835456
Balkampet,17.44196892,78.45103455
Bandavirala,17.38655853,78.71826172
Bandlaguda Depot,17.35969162,78.38800049
Bandlaguda(Chandrayanagutta),17.31433868,78.47164154
Bandlaguda(Nagaram),17.50341034,78.62088776
Bandlaguda(Nagole),17.37143898,78.56973267
Bandlaguda,17.35969162,78.38800049
Banjara Hills,17.41647148,78.43824768
Bank Colony(Qutubullapur),17.49791718,78.46773529
Bank Colony(saket),17.49347115,78.56643677
Bank Street,17.38567352,78.48015594
Bapu Ghat,17.37518692,78.41882324
Bapu Nagar,17.37409401,78.41712189
Bapuji Nagar(Bowenpally),17.46774483,78.48176575
Barkas,17.31710815,78.47962189
Barkatpura,17.39406013,78.49829865
Basheerbagh,17.40161896,78.4756546
Bata(RP Road),17.43526077,78.4936142
Batala Cheruvu,17.31987953,78.60229492
Batasingaram,17.3057785,78.72947693
Bavanicly,17.32905006,78.43605042
Bazar Ghat,17.39462662,78.45994568
BDL,17.331032,78.508578
Beeramguda,17.509018,78.30018
Beerban Bagh(Asif Nagar),17.37755585,78.46366119
Begumpet Railway Station,17.43858147,78.45810699
Begumpet,17.4411817,78.4720131
Bella colony,17.35197639,78.47467041
Bhagya Nagar Colony(Uppal),17.40603256,78.59137726
Bhagyalatha,17.33280182,78.58933258
Bhanoor,17.47205162,78.16397095
Bharat Nagar Colony(A S Rao Nagar),17.47490311,78.54647064
Bharat Nagar(Moosapet),17.46691513,78.42881012
Bhavani Nagar,17.35078049,78.48513794
BHEL Hospital,17.49671555,78.30526733
BHEL,17.49927139,78.3035965
Bhoiguda,17.42780495,78.5019989
Bhola Shankar Maktha,17.42974663,78.45992279
Bholakpur(Boiguda),17.42439842,78.49934387
Bhongir,17.51482391,78.88513947
Bhudevi Nagar,17.49143982,78.50305176
Bhupesh Guptha Colony,17.3325901,78.53556061
Bibi Cancer Hospital,17.37028313,78.50061798
Bibinagar,17.47070122,78.79454803
Bible House,17.430336,78.49233246
Birla Mandir,17.40580177,78.467453
Bismillah colony,17.3092823,78.48838043
BITS Pilani,17.54484177,78.57168579
Blue Moon(Panjagutta),17.424248,78.454063
BN Reddy Nagar,17.32088852,78.56110382
Boats Club(RP Road),17.42552948,78.48634338
Boduppal Kaman,17.40119362,78.58174133
Boduppal,17.4154892,78.57176208
Bogaram,17.50550652,78.68606567
Bolarum Bus Station,17.53331757,78.51255035
Bommidala,17.53964996,78.49198151
Bonthapally,17.66258812,78.37307739
Borabanda,17.4541111,78.41580963
Botiguda,17.22885704,78.26050568
Boudha Nagar(Arts College),17.41748047,78.51941681
Bowrampet,17.56162453,78.4055481
Brahmanpally,17.26736069,78.61646271
Brindavan Colony(HS Darga),17.41234398,78.39562225
Budvel,17.33912277,78.40981293
Building Blocks,17.38303947,78.48802948
Bulkapur,17.44016075,78.15978241
Bushrath Nagar,17.3433094,78.45672607
Canaranagar,17.40730858,78.59555817
Capgemini,17.421046,78.337698
CBS,17.37837791,78.48180389
CCMB,17.42124748,78.54007721
Center Point,17.46430206,78.48404694
Chaderghat,17.38143539,78.49297333
Chaitanyapuri,17.36850357,78.5327301
Chakripuram Colony,17.47891617,78.58691406
Champapet,17.35201645,78.50759888
Chanchalguda,17.3641758,78.50180817
Chanda Nagar,17.49515915,78.3227005
Chandkhanguda,17.1334095,78.73014832
Chandragiri Nagar,17.5168705,78.43734741
Chandrayanagutta,17.30409813,78.45814514
Chandulal Baradari,17.35152054,78.46027374
Char Kaman,17.36382675,78.47164154
Charminar,17.35913277,78.47386169
Chatrinaka Police Station,17.33987045,78.48008728
Chatta Bazaar,17.3694191,78.47675323
Cheededu,17.070261,78.71533203
Chengi Cherla,17.41921997,78.61006927
Cherlapally Central Jail,17.46971893,78.58824921
Cherlapally,17.46311569,78.61159515
Chikatimamidi,17.58078575,78.77796173
Chikkadpally,17.39849663,78.49375916
Chilakalguda(Gandhi Statue),17.42983627,78.51365662
Chilkanagar,17.42120934,78.56413269
Chilkur Balaji Temple,17.34912872,78.28725433
Chinakanjarla,17.59943962,78.24019623
Chinaravulapally,17.4228924,78.8253058
Chinna Cherlapally,17.47092056,78.60123444
Chinnamangalaram,17.38963127,78.22602081
Chinnathokata,17.46024513,78.47550201
Chintal Basthi,17.40899277,78.46019745
Chintal Bus station,17.49580765,78.45227051
Chintalakunta,17.34085083,78.56233215
Chintalmet,17.34593964,78.42687225
Chintapatla,17.0173111,78.71614075
Chintulla,17.10174561,78.62897491
Chippalapally,18.2815284,78.6534403
Chiriyala,17.51624298,78.62722778
Chittapur,17.17068291,78.74204254
Chotuppal,17.25443268,78.89452362
Chudi bazaar,17.37360382,78.46453857
Church Colony,17.38659096,78.55046844
Church(Ramanthapur),17.40110207,78.54355621
City College,17.37058067,78.47768402
City Criminal Court,17.394182,78.465815
Clock Tower,17.44063759,78.49717712
Continental Hospital,17.417511,78.339531
CRPF,17.5336895,78.56248474
Cyber Towers,17.4471817,78.37783813
Dabbadaguda,17.04743004,78.4931488
Dabeerpura,17.36696053,78.48947144
Dabilpur,17.67477417,78.47115326
Dacharam,17.67309761,78.40982819
Dairy Farm(Rajendra Nagar),17.34560966,78.41561127
Dammaiguda(lake),17.50119591,78.59728241
Danama Jhopdi,17.33696175,78.44978333
Dandumailaram,17.23703,78.7804149
Darulshifa,17.37279701,78.48288727
Darus Salam,17.38336754,78.46347046
Dasrlapally,17.01070404,78.4803009
Datpally,17.05489731,78.72388458
Dayanand Nagar,17.37146378,78.50289917
Dayara,17.48479652,78.72790527
DBR Mills,17.419974,78.48585
Deepthisree,17.49533463,78.34063721
Defence Colony,17.48654556,78.53556061
Deshmukhi,17.33294106,78.73062134
Devarayamzal,17.571695,78.52898
Dharmaram,18.7337076,79.1916396
Dhoolpet,17.37333298,78.45968628
Diamond Point,17.46230316,78.49095154
Dilsukhnagar Bus station,17.36896706,78.52506256
Domalguda,17.41090775,78.48016357
Doodh Bowli,17.35639572,78.46276093
Doulatabad,17.70960808,78.21124268
Dubai Gate,17.47211266,78.48466492
Dundigal Airbase,17.60519409,78.41295624
Dundigal X road,17.59713554,78.41683197
Durga Estate,17.50052834,78.46880341
East Anand Bagh,17.45775795,78.54389954
East Marredpally,17.44544601,78.51071167
Easwaripuri,17.49864769,78.54137421
EC Nagar,17.45921135,78.59883118
ECIL,17.47242928,78.56983185
Edulabad Lake,17.41813087,78.71113586
Electric Junction,17.40142822,78.56052399
EME Centre,17.49658394,78.52139282
Engine bowli,17.33978271,78.46831512
Enkiryal,17.41280937,78.76231384
Erragadda,17.45631027,78.43451691
Erramanzil,17.42037392,78.45593262
ESI,17.44795799,78.4381485
Falaknuma Railway Station,17.33125496,78.46954346
Falaknuma,17.33707237,78.46710968
Family Qtrs,17.48989868,78.51251984
Farooq Nagar,17.06871,78.2003191
Fateh Darwaza,17.35537529,78.46760559
Fathenagar,17.45875549,78.45175171
FCI Colony,17.33268929,78.56253815
Ferozeguda,17.46246147,78.46198273
Ferzajiguda,17.401969,78.6095176
Fever Hospital,17.39552689,78.502388
Film Nagar,17.41326904,78.40839386
Flag Stone Towers,17.421869,78.332219
G Madannagudem,17.56327438,78.81988525
G Pally,17.45342636,78.30597687
Gachibowli Bus Station,17.43898392,78.3638382
Gaddamallaiguda,17.09838295,78.6862793
Gaganpahad,17.29332352,78.41760254
Gagillapur,17.6103096,78.39133453
Gajularamaram,17.52469444,78.42306519
Galaxy,17.4034996,78.40908051
Gandhi Bhavan,17.3880806,78.47151947
Gandhi Hospital,17.42471695,78.50182343
Gandhi Nagar(Kapra),17.48093414,78.56401825
Gandhi Nagar(Kavadiguda),17.41242599,78.48866272
Gandhi Nagar,17.49197197,78.43913269
Gandhi Statue,17.40133476,78.56543732
Gandi Cheruvu,17.29239464,78.67254639
Gandi Maisamma X Road,17.5755764,78.4277406
Gandi Maisamma,17.57533836,78.42349243
Gandipet X Road,17.3882638,78.3198917
Gandipet,17.38516998,78.33119965
Ganesh Nagar,17.4740785,78.5567147
Ganesh Temple,17.33111191,78.56917572
Ganeshpuri Colony,17.3749485,78.53165436
Ganga Nagar,17.36927414,78.44641876
Gangaputra Colony,17.41608429,78.5067215
Gangaram,17.49515533,78.33013153
Gautam Nagar Water Tank,17.45428848,78.52894592
Gayatri Hills,17.43766403,78.41479492
Gayatri Nagar,17.36016846,78.53414154
Geological Survey of India,17.3631134,78.58524323
Ghanpur,17.49894333,78.22038269
Ghatkesar,17.45198059,78.68232727
Ghattuppal,17.0706234,78.92073059
GHouse Nagar,17.34050751,78.45548248
Giri Nagar,17.49028969,78.44198608
Girmapur,17.6333065,78.4545517
GITAM University,17.560582,78.16419
Gokhle Nagar,17.42909622,78.54266357
Golconda Hotel,17.40416908,78.45393372
Golconda X Roads,17.41092873,78.49781799
Golkonda,17.38504219,78.40332794
Gollapally,17.2373848,78.39915466
Golnaka,17.39048767,78.50679779
Gomaram,17.74656105,78.39590454
Gopularam,17.40055084,78.21853638
Gosha Mahal,17.38113022,78.46880341
Gowdavalli,17.61079216,78.46819305
Gowliguda,17.37771034,78.48139954
Gowlipura,17.34479332,78.4822998
Gowrelly,17.37244034,78.67178345
GPFA QTRS,17.44001389,78.35578918
GPO(Abids),17.3877697,78.47615051
GPRA QTRS,17.44001389,78.35578918
Green Field Colony,17.49028778,78.49295044
Greenlands,17.43519211,78.4552002
GSI Gate,17.364571,78.570044
GTS Colony,17.44468498,78.43252563
Guduru village,17.09619522,78.49967957
Gulshan Function Hall,17.34686852,78.45940399
Gulshan-E-Iqbal Colony,17.33279228,78.48869324
Gulzar Nagar,17.33518028,78.45458984
Gummadidala,17.68340111,78.36930847
Gundla,17.6769591,78.1539927
Gungal,17.10609245,78.66950989
Gunrock,17.47890091,78.50788116
Gurramaguda,17.30478477,78.57069397
Gymkhana Grounds,17.44380951,78.49079895
H.S Dargha,17.41234398,78.39562225
Habsiguda,17.4210453,78.5401001
Hafeezpet,17.48648453,78.35839081
Hafiz Baba Nagar,17.32491112,78.49082184
Hajipur,17.199465,77.646335
Hakimpet Airbase,17.54584312,78.53549957
Hakimpet,17.40964317,78.4083786
HAL Colony(Old Bowenpally),17.48088646,78.48159027
HAL Colony,17.52312088,78.43185425
Hanuman Temple(A S Rao Nagar),17.4833107,78.55353546
Hanuman Temple(Narsingi),17.38012886,78.36846924
Hanuman Temple(Tirumulgherry),17.4587328,78.4971078
Hanumanpet,17.44528198,78.52668762
Happy Home,17.35393524,78.4197998
Hari Puri Colony Park,17.36281776,78.55261993
Harshaguda,17.18724442,78.43753815
Hasmatpet,17.47540855,78.48574066
Hasnabad,17.34448433,78.50520325
Hastinapuram,17.32697105,78.5561142
Hatnura,17.73756981,78.17107391
Hayath Nagar,17.32736588,78.60489655
HB Colony Phase-1,17.45315933,78.56580353
HB Colony,17.46228027,78.56176758
HCL Colony,17.45181084,78.58760071
HCU Campus,17.45569038,78.33336639
HCU,17.46678352,78.33010101
Hema Nagar,17.41705322,78.56617737
High Court Colony,17.33482552,78.58488464
High Court(Post Office),17.36855316,78.47093201
Himayat Nagar X Road,17.4051615,78.4860689
Himayat Sagar Road,17.33552551,78.36266327
Himayath Nagar,17.40340042,78.48256683
Hitech City MMTS Station,17.46970177,78.38526154
Hitech City,17.45099068,78.38180542
HMT colony,17.50119209,78.44274139
HMT Hills Colony,17.50291443,78.39617157
Honeywell,17.418627,78.344753
HPS,17.44228935,78.45851135
HSBC,17.45613,78.368335
Huda Colony(Lingampalli),17.49534035,78.33226776
Huda colony,17.40359688,78.38725281
HUDA Complex,17.36478233,78.53839874
Hussaini Alam,17.3612709,78.46524811
Hyderaguda X Roads,17.36453,78.42804
Hyderaguda,17.36422539,78.42810822
Hydernagar,17.49926949,78.38361359
Hydershakote,17.36174393,78.39844513
I S Sadan Complex,17.35293961,78.50670624
Ibrahimpatnam Bus Station,17.1913681,78.64750671
IDA,17.46656609,78.44215393
IDPL,17.48666763,78.45005035
IIIT,17.4443624,78.3773983
Indira Nagar(Subhash Nagar),17.48571014,78.49157715
Indira Nagar,17.42984962,78.42758942
Indira Park,17.41157341,78.48105621
INDL Estate(Moula Ali),17.45627022,78.44393921
Indra Reddy Nagar(Sivarampalli),17.32367134,78.43185425
Indresam,17.56613731,78.26226807
Indu Aranya Pallavi,17.365323,78.582931
Industrial Estate manufacturers,17.45627022,78.44393921
Injapure,17.3251015,78.5607809
Isnapur-Indira Karan Rd,17.54161072,78.20393372
Ivy League Academy,17.577587,78.610129
Jagadgiri Gutta,17.50205421,78.42614746
Jagapathi Hills,17.4225005,78.4410245
Jaheer Nagar,17.4225005,78.4410245
Jainapally,17.4995575,78.80199432
Jalapalli,17.28476906,78.45103455
Jamal Colony,17.37592697,78.49828339
James Street,17.43534279,78.48851013
Jamia Osmania,17.41088486,78.51795959
Jamilapet,17.49376678,78.7253952
Jana Prakash Narayan Nagar,17.5052681,78.35702515
Jana Priya West City,17.50816536,78.35417938
Janapriya Colony,17.28754425,78.5375824
Jangampet,17.63310242,78.36473083
Japal,17.11663437,78.71710205
Jawahar Nagar,17.44150352,78.43199158
Jayapuri Colony,17.37890625,78.57218933
JBS,17.44916534,78.49633789
Jeedimetla Sub-Station,17.52256584,78.44360352
Jeedimetla(Ghatkesar),17.424886,78.644574
Jeedimetla,17.52262115,78.44352722
Jhothi Nagar,17.50222588,78.3122406
Jinkalwada,17.46448135,78.43451691
Jinnaram,17.63183403,78.33154297
Jiyapally,17.50606537,78.7336731
JNTU(Kukatpally),17.49640274,78.39412689
JNTU(MasabTank),17.40300179,78.45709991
Joshi Wadi,17.36892319,78.44979095
Jothi Nagar,17.50184059,78.31232452
Jubilee Checkpost,17.4274559,78.41431427
Jubilee Hills,17.43007851,78.4108963
Jukal,17.2169699,78.2972
Juloor,17.38569832,78.78514862
Jummerat Bazar,17.37317276,78.46253967
Jyothi Nagar Bus Station,17.38249588,78.42930603
Kabutar Khana,17.36187553,78.46311951
Kachiguda Railway Station,17.38920784,78.49767303
Kachiguda,17.38924789,78.49762726
Kakatiya Nagar(Habsiguda),17.4158268,78.53981781
Kakatiya Nagar(Sainikpuri),17.4783287,78.53961182
Kalimandir,17.35047531,78.37995911
Kallakal,17.71193886,78.47544861
Kalpana,17.42323,78.493774
Kalwakurthy,16.66900253,78.49530792
Kalyan Nagar,17.44445229,78.43314362
Kalyanpuri,17.40695,78.55479431
Kaman(Syed Nagar),17.40941811,78.43792725
Kamineni Hospital,17.35280418,78.55599976
Kanakamamidi,17.30464554,78.24662018
Kanapur,17.40022278,78.30024719
Kandiguda,17.49463844,78.54266357
Kandlakoya,17.59159279,78.49275208
Kandukur X Roads,17.07282639,78.47396851
Kandukur,17.06388283,78.48841095
Kanukunta,17.69922256,78.41703796
Kappad,17.8001584,77.7539456
Kapra,17.4903698,78.57277679
Karanamguda,17.17425156,78.62302399
Kardanur,17.51502991,78.23113251
Karmanghat,17.34443092,78.53230286
Karmika Nagar,17.44448662,78.42447662
Karvan,17.37677002,78.42948914
Katedan Industrial Area,17.30277824,78.43540192
Kavadiguda,17.42423248,78.49197388
Kavaguda,17.27749252,78.33914185
Kavvadipally,17.33377457,78.69736481
Kazipally,17.56991005,78.34866333
Keerthimahal,17.49647903,78.29730225
Keesara guta,17.52965355,78.68850708
Keesara,17.52457237,78.66736603
Kesaram,17.3112384,78.1601823
Kesari Hanuman Temple,17.370375,78.441203
Kesav Giri,17.32505608,78.47889709
Keshavaram,17.6354947,78.6542237
Keshavpur,18.0412008,79.77578
KethiReedy Pally,17.27357101,78.22357941
Khagazghat,17.12897873,78.68963623
Khairatabad,17.41256714,78.46077728
Khaja Guda,17.42292213,78.38250732
Kharkhana,17.4600563,78.50054932
Khilwat,17.35869026,78.47093201
King Koti,17.39378738,78.48342896
Kishan Bagh,17.35866737,78.44354248
Kismatpura,17.33642197,78.38848877
Kistapur,17.62841988,78.50598907
KK nagar,17.3644805,78.3844632
Kodakanchi,17.6014843,78.30303955
Koheda Village,17.28065872,78.63510132
Koheda,17.2828331,78.64252472
Kokapeta Lake,17.4015274,78.3262558
Kollapadakal,17.07984161,78.36640167
Kollur,17.44559288,78.25660706
Kolthur,17.6558876,78.63860321
Kompally,17.53177643,78.4886322
Kondakal,17.46128654,78.19883728
Kondamadugu,17.48949051,78.76847839
Kondapur(Ghatkesar),17.4679184,78.69225311
Kondapur,17.46434975,78.36716461
Kongara Kalan,17.20028496,78.55046844
Korantee,17.39793396,78.50485229
Korremmula,17.40509224,78.66965485
Kothaguda(Hitech City Rd),17.45880699,78.36715698
Kothagudem,17.30057526,78.73907471
Kothapalli,16.7821702,79.3408155
Kothapet(Barkas),17.31446457,78.47853088
Kothapet,17.36849022,78.53710938
Kothewalguda,17.28775024,78.36692047
Kothur,17.14735031,78.29010773
Koti,17.38327408,78.4831543
Kotla Ali Jah,17.35858154,78.48159027
Kowkur X Roads,17.52720451,78.52266693
Kowkur,17.52584839,78.53449249
KPHB 4th Phase,17.47320557,78.39311218
KPHB Colony MIG,17.49167252,78.40235138
KPHB Colony Phase-1,17.4939003,78.40148163
KPHB Colony,17.49476051,78.40039825
Krishna nagar,17.4339695,78.42678833
Krupa Complex,17.46518135,78.53858185
Kudaspally,17.0299511,78.83776093
Kukatpally,17.47338486,78.42591095
Kuntloor,17.33995247,78.62568665
Kurmaguda,17.36190224,78.50122833
Kurmalguda,17.26653671,78.51860046
Kushaiguda Bus Depot,17.46813011,78.56591034
Kushaiguda,17.48078346,78.57043457
Kyasaram,17.50541115,78.16667175
Lab Quarters Main,17.33498955,78.50097656
Ladies Hostel,17.41184807,78.52194214
Laemuru village,17.13938332,78.51576233
Lakdaram,17.5773079,78.2092309
Lakdawala,17.51294518,78.52061462
Lakdikapool,17.40471649,78.46105957
Lal Bazar,17.47913551,78.51087952
Lal Darwaza,17.35085678,78.47274017
Lalaguda,17.43951035,78.52541351
Lalapet,17.43750954,78.54415131
Lalbungalow,17.43548775,78.45207977
Lalitha Bagh,17.34726524,78.48727417
Langar House,17.38080788,78.42156982
Latha Talkies,17.39023781,78.46878815
Law College,17.4152317,78.52536774
Laxmapur,17.34902,79.115746
Laxmi Nagar(Mehdipatnam),17.407272,78.4564205
Laxmi Starch,17.42526245,78.54718781
Laxmiguda,17.30618286,78.44393158
Laxminarayana Colony,17.39180946,78.55259705
Laxmitanda,31.339393,75.579708
LB Nagar,17.35014343,78.54743195
LB Stadium,17.39897728,78.47451019
Lecturers Colony,17.33043671,78.59371185
Lenin Nagar,17.31557846,78.52280426
Liberty,17.40707397,78.47619629
LIG Colony,17.50376129,78.29178619
Lingampally,17.49511719,78.31591797
Lingapur,17.7809749,78.32177
Lothkunta,17.49357224,78.5124588
Loyapalli,17.04123497,78.83044434
Loyola Academy,17.50625801,78.48602295
LP gudem,17.62864494,78.35056305
LV Prasad,17.42370033,78.42752075
Madapati Hanumantha School,17.39442253,78.48988342
Madaram,17.58539963,78.30981445
Madhapur,17.44381714,78.38737488
Madhuban colony,17.30140495,78.43682861
Madhura Nagar Colony,17.42471695,78.37928772
Madina Market,17.36779976,78.47585297
Mahaboob College,17.44029045,78.49700928
Mahavir Hospital,17.4025383,78.45771027
Mahesh Nagar,17.38714218,78.45956421
Maheshwaram,17.13381004,78.4332428
Majeedpur,17.28123474,78.71257782
Makki Darwaja,17.37860489,78.40057373
Malagudem,17.3255265,79.1696477
Malakpet,17.37690735,78.49552155
Malaysian Township,17.48062134,78.39411163
Malkajgiri,17.44987106,78.53569794
Malkapur,17.2757225,78.79872131
Malkaram,17.53319931,78.58334351
Mall,16.96748734,78.72978973
Mallampet,17.55618858,78.36289215
Mallapally Mask,17.38917351,78.45461273
Mallapur(Annapurna Colony),17.44725227,78.57035828
Mallapur(shamshabad),17.2907456,78.493404
Mallepally,17.38874245,78.45439911
Mallikharjun Nagar,17.44944382,78.52764893
Mamidipally,17.24984932,78.45103455
Manchal,17.16055489,78.71989441
Mandal Office (Patancheru),17.468777,78.328968
Mangalghat,17.37914658,78.46111298
Mangalpally,17.21481705,78.60512543
Manikonda Quaters,17.40197182,78.38484955
Manikyamma Colony,17.31773186,78.40483856
Mannyaguda,17.22418404,78.71629333
Mansoorabad,17.35383987,78.56324768
Manyaguda,17.22418404,78.71629333
Marriguda,16.94704437,78.8603363
Marripally,17.38326836,78.60653687
Maruthi Nagar(A S Rao Nagar),17.4762205,78.55524
Maruthi Nagar(Kothapet),17.37376404,78.54266357
Masab Tank,17.40307999,78.45683289
Matthuguda,17.434055,78.520888
MB Darga,17.52928162,78.54306793
MC Pally,12.5843571,78.245519
MD Lines,17.39290047,78.41757202
Medchal,17.63377953,78.48690033
Medipally,17.40929413,78.60150146
Meerkhanpet,17.04660988,78.57292938
Meerpet,17.32299995,78.53399658
Mehdipatnam,17.39463043,78.44039917
Mekaguda,17.09961319,78.29036713
Mettuguda,17.4366188,78.51953125
MG Nagar,17.518237,78.509417
MGBS,17.37805557,78.48478699
Midhani Township,17.3296336,78.5141695
Midhani,17.33992958,78.50392914
Milan,17.39198112,78.44763184
Military Canteen(AOC),17.46288109,78.51629639
Military Dairy Farm,17.48965263,78.48147583
Mindspace,17.44174004,78.37700653
Mirzalguda,17.44210052,78.53184509
Misri Gunj,17.34671593,78.46524811
Miyapur X Roads,17.49685669,78.36199951
Miyapur,17.49609756,78.35807037
MLA Colony,17.41306496,78.42419434
MM Kunta,17.2453465,78.5745352
Moghalpura,17.35902023,78.47661591
Mohan Nagar,17.37217712,78.54784393
Moinabad,17.32870865,78.27333832
Mokilla,17.43395042,78.18525696
Mondigowrelly,17.0345459,78.71495819
Moosapet,17.47063828,78.42675018
Mosarambagh,17.3695507,78.51663971
Mothukulapalli,17.3837025,78.2525469
Moti Darwaza,17.38553047,78.41226959
Moti Nagar,17.45427132,78.42229462
Moula Ali,17.46029282,78.55783844
Mozamjahi Market,17.3837917,78.4751353
MRO office,17.1575222,78.72879791
Muchintala,17.1986599,78.32227325
Mudfort,17.45690536,78.49501038
Mudwin,17.38318825,78.46666718
Muknur,18.60046,80.3118133
Musheerabad,17.42012024,78.50038147
Mustafa Nagar,17.3309803,78.45743561
Muthangi,17.54216003,78.22660065
Mysamma,17.499447,78.381559
Mysireddypalli,17.44793892,78.50887299
Mytrivanam,17.43702126,78.44391632
NAARM,17.3150692,78.41069031
Nacharam,17.43609619,78.55975342
Nadargul,17.27716446,78.54621124
Nag Mandir,17.51156616,78.51454163
Nagaram(Shamshabad),17.18228722,78.39163208
Nagaram,17.48770332,78.60071564
Nagarjun nagar colony,17.48010254,78.58181
Nagarjuna Sagar Road,17.3284874,78.55487061
Nagireddy Palli,13.561229,78.229608
Nagole X Road,17.3813552,78.5584058
Nagole,17.37616539,78.55804443
Nagulapally,17.46260071,78.23337555
Nagulur,16.805465,80.7343999
Nakkalapally,14.200899,79.296151
Nalagandla,17.47944069,78.31988525
Nalgonda X Roads,17.37537003,78.49838257
Nallakunta,17.3986721,78.5058136
Namala Gundu,17.42489052,78.51519775
Nampally,17.38364029,78.46696472
Nanajipur,17.22910309,78.28742218
Nanakramguda,17.42021751,78.35048676
Nanalnagar,17.39621925,78.42716217
Nandi Musalai Guda,17.36285973,78.44251251
Nandi Nagar,17.41991806,78.43092346
Nandigama,17.50577927,78.20366669
Narapally,17.4172039,78.63008881
Narayanguda,17.39729881,78.49204254
Narayanpur,17.68466,78.68556
Narsapur,17.7402668,78.28191376
Narsingi Lake,17.38533783,78.35871124
Narsingi,17.38785934,78.35732269
Nawab Saheb Kunta,17.33748817,78.45672607
NBT Nagar(Banjara Hills),17.40619659,78.43682861
NCC,17.40604973,78.5169754
Necklace Road,17.407272,78.4564205
Neknampur,17.39165878,78.37497711
Nemuragomla,17.48083878,78.72706604
Neredemet PS,17.48406601,78.53578949
Neredmet Old Police Station,17.47384834,78.53855133
Neredmet X Road,17.48227692,78.53716278
Nerrapally,17.4173851,78.62988281
New Bowenpally,17.46522141,78.47266388
New Gayathri Nagar Colony,17.33299255,78.53185272
New Maruthi Nagar,17.37561035,78.54112244
New Science College,17.432358,78.445593
New Science,17.432358,78.445593
NFC Nagar,17.44766617,78.70085144
NFC(ECIL),17.47302055,78.57047272
NGOs Colony,17.32509804,78.56661987
NGRI 1st Gate,17.41389847,78.54705048
NGRI,17.41381073,78.54711151
NIMS (Nizam Hospital),17.42292976,78.45439911
Nirmal nagar,17.49036598,78.53764343
Nizam College,17.39802933,78.47525024
Nizampet X Roads,17.49901962,78.38950348
Nizampet,17.49842262,78.39109039
NMDC(Moula Ali),17.45666313,78.54810333
NMDC,17.3989315,78.44963074
North Kamalanagar,17.47648239,78.56706238
NPPTI,17.337286,78.41190338
NRM College,17.45570946,78.56580353
NTR Gardens,17.41265488,78.46877289
NTR Nagar(L B Nagar),17.35747147,78.55046844
NTR Stadium,17.4107132,78.48516083
Nutankal,17.68205261,78.44274139
Ocean Park(Water Park),17.38856506,78.32759094
Old Alwal(IG Statue),17.50860405,78.50380707
Old Bowenpally,17.47684097,78.47872162
Old Dairy Form,17.394409,78.360129
Old MLA Qtrs,17.39638329,78.48389435
Old MLA Quarters,17.39638329,78.48389435
Old Safilguda,17.46914101,78.5489502
Ootla,17.63693237,78.31238556
Ordnance Factory,17.4896946,78.13399506
Osman sagar Road,17.38569832,78.33304596
Osmangunj,17.37932968,78.47504425
Osmania Hospital(OGH),17.37156868,78.47409821
Osmania Medical College,17.38235664,78.48338318
Osmania University(campus),17.41587067,78.52566528
Osmanpura Colony,17.3763309,78.4898053
OU Colony,17.40750313,78.39276886
OU Engineering College,17.40723419,78.51802826
P & T Colony,17.35846138,78.52592468
Padmalaya Studio,17.417604,78.401642
Padmarao Nagar,17.42632866,78.50180054
Padmashali Colony,17.41934967,78.49160004
Pahadi Shareef,17.27133369,78.47360992
Panama Godown,17.33792877,78.56944275
Panduranga Nagar,17.4560318,78.42520142
Panjagutta,17.4265976,78.45107269
Panyal/Konyal,17.767988,78.133811
Papi Reddy Nagar,17.49849701,78.43144989
Paradise,17.44371414,78.48760223
Parsigutta,17.41463089,78.51065063
Parwathapur,17.3918972,78.6102829
Paryatak Bhavan,17.43407,78.455015
Pasumamula,17.34844971,78.64696503
Patancheru,17.52902603,78.26416779
Patel Nagar(Amberpet),17.38313484,78.52845764
Patel Nagar(Gowlipura),17.34607124,78.48549652
Patelguda,17.21639633,78.58216858
Pathar Gatti,17.36569405,78.47874451
Patigadda,17.44028282,78.47360229
Patny,17.44294548,78.49743652
Peddamangalaram,17.3374691,78.25798035
Peddamma Gudi,17.43160057,78.40718079
Pension Office(Masabtank),17.40428734,78.45178986
Phisalbanda,17.34041786,78.50224304
Phool Bagh,17.3333149,78.48513794
Piglipuram,17.3161396,78.7437075
Pillaipalli,17.3750782,78.7363205
Pochampally,17.56889915,78.49394226
Pocharam Village Main Rd,17.42485809,78.64482117
Police Lines-Begumpet,17.44374847,78.47638702
Police Station(Malkajgiri),17.44991112,78.53746796
Ponnala Satyanarayana & Sons,17.60290337,78.63052368
Porandla,17.0610714,78.37738037
PostOffice (HimyatNagar),17.40784454,78.48665619
Pragathi Nagar,17.5183754,78.39633179
Prajay Sai Gardens,17.49799919,78.62430573
Prasanth Nagar(Moula Ali),17.44391251,78.54286957
Prashanthi Nagar,17.4747715,78.4256134
Pratapsingaram,17.38634491,78.66175842
Press(Saidabad),17.3617363,78.50601959
Public Gardens(Nampally),17.39883804,78.47090149
Pudur,17.62029457,78.52561951
Puppalaguda,17.40012741,78.3706665
Puranapool,17.36942101,78.45845032
Putlibowli,17.38170052,78.48258209
Qazipura,17.35338974,78.46737671
Quba Colony,17.28968239,78.47306061
Qutub Shahi Tombs(Tolichowki),17.39552879,78.40048218
Qutubullapur,17.49833298,78.45805359
Race Course,17.44318962,78.49360657
Rachalooru,17.11491203,78.53630066
Radhika Theatre,17.47708321,78.56333923
Rahmath Nagar,17.43994522,78.42412567
Raidurgam,17.41929626,78.3870697
Rail Nilayam,17.43844795,78.50991821
Railapur,17.63093376,78.44433594
Railway Crossing,17.46286201,78.43109894
Railway Degree College,17.42840767,78.52664948
Railway Quarters Moulali,17.44425583,78.5480957
Raj Bhavan,17.4193821,78.46052551
Raja Delux,17.41532516,78.49819946
Rajanna Bai,17.34045982,78.47303772
Rajeev Nagar,17.44852066,78.42616272
Rajendra Nagar,17.33476448,78.40876007
Rajiv Gandhi International Airport(Shamshabad),17.23679352,78.42952728
Rajiv Gruhakalpa Colony,17.51703644,78.60231781
Rajpal Nagar,17.3536396,78.4730072
Raju Colony(Ferozeguda),17.4671669,78.4569397
Ram Lingampally,17.57853508,78.69813538
Ram Nagar Gundu,17.408041,78.51151276
Ram Nagar,17.41065216,78.50752258
Ram Theater,17.43992233,78.54494476
RamaKrishna,17.38368797,78.4751358
Ramakrishnapuram X Roads(AOC),17.47642136,78.52541351
Ramakrishnapuram(Kothapet),17.36784172,78.54946899
Ramanthapur colony,17.39790916,78.53284454
Ramdaspally,17.23429489,78.62634277
Ramdev Guda,17.37425995,78.38848877
Ramnagar Gundu,17.407726,78.512026
Ramnas Pura,17.35421944,78.45973969
Ramoji Film City,17.31141853,78.6831131
Rampally X Roads,17.49372101,78.60570526
Ranga reddy nagar,17.49159241,78.43434143
Ranganaguda,17.26273155,78.58656311
Ranganatha Nagar,17.36887741,78.45210266
Rangapur,17.09083366,78.71411133
Ranigunj,17.43132782,78.48808289
Ravalkol thanda,17.65721703,78.52394867
Raviryal,17.21562576,78.5135498
RBT,17.541509,78.437207
RC Puram Mandal Office,17.50925064,78.30030823
Reddy College,16.2958466,80.4120699
Reddy Gudem,17.5168705,78.67882538
Rethibowli,17.39604759,78.43057251
Revenue Board Colony,17.36555481,78.52029419
Rhodamisri Nagar,17.51508331,78.43266296
Rice Mill(Shamshabad),17.25885963,78.40782166
Risala Bazar,17.52827454,78.51793671
Riyasat Nagar,17.34064674,78.49863434
RK Nagar,17.45565605,78.53556824
RK Puram,17.368328,78.549438
RN Reddy Colony,17.32290077,78.5395813
Road No 1,17.41308022,78.45046234
Road no 2,17.42482185,78.43228912
RP Road,17.42863655,78.48926544
RPF,17.45234108,78.55350494
RSI Club,17.50430679,78.52566528
RTC Colony (Hayathnagar),17.32802963,78.59925842
RTC Colony (Ramanthapur),17.39408112,78.53520203
RTC Colony(Moula ali),17.46325302,78.55401611
RTC Colony(Subash nagar),17.4826393,78.4922155
RTC Cross Rd,17.40668869,78.49658203
Rudraram X Road,18.443431,78.906523
Rythu Bazar(Alwal),17.50683975,78.51570129
Safilguda,17.46028709,78.53562164
Sagar Housing Complex,17.31222725,78.56111908
Sagar Ring Road,17.340321,78.548311
Sahara,17.34790421,78.57184601
Saheb Nagar(Vanasthalipuram),17.32056427,78.57956696
Sai baba Temple(A S Rao Nagar),17.47548485,78.55231476
Sai Nagar Colony(Balapur),17.31437683,78.51055908
Sai Nagar(Bala Nagar),17.47081947,78.45885468
Sai Nagar(Kapra),17.50182343,78.58921814
Sai Ram Nagar(Langar House),17.36847305,78.40083313
Saibaba Nagar(Jeedimetla),17.53438568,78.43952942
Saidabad,17.36120796,78.51275635
Sainathpuram,17.47572517,78.55189514
Saipuri Colony,17.49093628,78.54172516
Sairam Theatre,17.44648552,78.53566742
Saket(Kapra),17.50167465,78.57601929
Salar jung Museum(Darulshifa),17.37277794,78.4829483
Salarjung Colony,17.39709282,78.42208099
Saleem Nagar,17.37126923,78.51170349
Saleheen Colony,17.33920288,78.45494843
Sampoorna Theater,17.33050728,78.57588196
Sanath Nagar,17.45493317,78.44785309
Sangeeth,17.44050026,78.50610352
Sanghi Nagar,17.27062416,78.67720795
Sanikpuri,17.48373795,78.54933167
Santhosh Nagar Bus Stand,17.34942818,78.50091553
Santoshi Matha Colony,17.46875763,78.54453278
Sapthagiri Theater,17.41323471,78.49765015
Sarikonda,17.385044,78.486671
Sarojini,17.3987751,78.44484711
Saroor Nagar Bus Terminal,17.35259247,78.53540802
Sastripuram Colony,17.3290596,78.446237
Satharai,17.27576065,78.42118835
Sathyanarayana Colony,17.48610687,78.61432648
Satyanagar,17.3809185,78.54503632
SBI Colony(Kothapet),17.36964226,78.54692078
Secretariat,17.40830421,78.47215271
Secunderabad,17.43460846,78.50479889
Shah ali banda New,17.35528755,78.47026062
Shaheen Nagar,17.29605293,78.47756958
Shaikpet Darga,17.41311836,78.39482117
Shaikpet Nala,17.40631866,78.40341187
Shakti Sai Nagar(Mallapur),17.44258118,78.58063507
Shama,17.34487343,78.45832825
Shamirpet,17.58968735,78.57036591
Shamshabad,17.26264191,78.38752747
Shamshiguda,17.50618744,78.40270233
Shankar Mutt,17.40084267,78.50810242
Shankerpally,17.45563698,78.13127136
Shanti Nagar(Lalapet),17.43496132,78.54096985
Shanti Nagar(Vanasthalipuram),17.32801247,78.58744812
Shapur Nagar,17.51594734,78.44684601
Sharada Nagar,17.38091087,78.43997955
Sharada(officers colony),17.48161888,78.55460358
Sheeshamahal,17.43458939,78.44879913
Shenoy Nursing Home,17.44777298,78.50896454
Sheriguda,17.2095089,78.61869049
Sherlingampally,17.474388,78.3150289
Shilparamam parking(hitech city),17.45145607,78.38025665
Shivam,17.40487862,78.51522827
Shivanagar,17.5047705,78.418386
Shivannaguda,17.00385094,78.88713837
Shobana,17.46354675,78.45266724
Shoppers Stop,17.44472122,78.4655838
Shopping Centre(Sainikpuri),17.48849106,78.54135895
Shyamlal Building,17.44411087,78.46175385
Siddapur,17.05514336,78.35363007
SIFCO,17.462869,78.438069
Sikh Village Rd,17.45672035,78.49011993
Sikindlapur,17.74598885,78.43183899
Singaram,17.03914261,78.60668182
Sita Homes Colony,17.31995964,78.52793121
Sitafalmandi MMTS,17.42753029,78.51740265
Sitaram Bagh,17.38412476,78.45926666
Sithamrai,17.27576065,78.42118835
Sivaji Colony,17.34037209,78.48762512
Sivarampalli,17.33462715,78.43256378
Skandagiri,17.4227562,78.50952148
Snehapuri Colony,17.37021637,78.55523682
Sohail Hotel,17.37280464,78.49942017
Solipet,17.2339401,78.21633
Somaji Guda,17.4220829,78.45956421
Somaram,18.268722,78.290267
South End Park,17.35347939,78.56963348
South Kamalanagar,17.47107506,78.56729889
SP Nagar,17.46547699,78.56221008
SR Nagar,17.44290352,78.44107056
Sri Nagar colony,17.43015671,78.44004822
Sri Ram Nagar Colony(Kapra),17.48398399,78.5654068
Sri Ram Nagar(Chintal),17.49380112,78.46038818
Sri Sai Nagar Lake,17.52507019,78.38457489
Sri Venkateshwara Colony,17.30450439,78.50289917
Sridevi Nursing Home,17.42237091,78.5168457
Srinivasa Nagar Last,17.51136017,78.42408752
Sripuram Colony Stop,17.37671852,78.51473999
Sriramana Colony,17.33104134,78.53805542
Srirangavaram,17.65571785,78.42492676
State Archieves,17.42415237,78.53649139
State Home,17.43652916,78.43891144
Street no 8,17.42931747,78.53390503
Subhadra Nagar(Vanasthalipuram),17.32885933,78.58302307
Subhash Nagar(Alwal),17.48603058,78.50112152
Subhash Nagar(Jeedimetla),17.50962067,78.46240997
Suchitra,17.49952698,78.47673798
Sudha Nagar Colony,17.4701367,78.5499252
Sultan Ali Bagh,17.37346268,78.44807434
Sultan Bazar,17.38632202,78.48300934
Sumithra Nagar,17.48919868,78.40873718
Suncity,17.36508942,78.39585114
Super Bazar,17.37200928,78.50941467
Suraram X Road,17.54197693,78.433815
Suraram,17.54025841,78.43838501
Suresh Talkies,17.426921,78.516123
Survey Of India,17.40446281,78.55700684
Surya Nagar(Alwal),17.50911522,78.50739288
Sushma Theater,17.33665085,78.57369995
Swaraj Nagar,17.45458221,78.41159058
Syed Aliguda,17.38049126,78.44535065
Syed Nagar,17.40619659,78.43682861
Syndicate Bank(Shivam),17.39826965,78.51239014
Tad Bun,17.34297943,78.45103455
Tadbund,17.4563961,78.48387146
Tadipatri,14.9113716,77.9906558
Talab Katta,17.35437965,78.48442841
Tallagada,17.37817955,78.44207001
TankBund,17.4183445,78.48203278
Tarnaka,17.42614174,78.5315094
Teegala Kunta,17.33150101,78.45388031
Tejaswi Nagar,17.36543846,78.43682861
Telecom Nagar,17.43593597,78.36688995
Telephone Bhavan,17.40716553,78.46620941
Telephone Colony(Kothapet),17.36726189,78.54730225
Tellapur,17.46641922,78.28533936
Temple Alwal,17.5043087,78.50857544
Tharamatipet,17.35640717,78.67758179
Thatti Annaram,17.3632679,78.59658813
Thilak Nagar,17.3939991,78.50855255
Thorrur,17.29117584,78.61291504
Thumkunta,17.56733894,78.555336
Thurakapalli,17.6619072,78.60340118
Tilak Nagar,17.39394951,78.50849915
Timmapally,17.54584312,78.6169281
Tirumalgherry,17.47251892,78.50981903
Tolichowki,17.39907646,78.41529083
Tourist,17.39020729,78.49632263
Tukaram Gate,17.44143486,78.52313232
Tukkuguda,17.20885086,78.47702026
Tummalur,17.12807655,78.45976257
TV Studio,17.39644623,78.52931976
Tv Tower,17.37022209,78.51326752
Uday Nagar,17.4525273,78.4414856
Uddamarri,17.61811829,78.67772675
Udyog Nagar,17.31261444,78.52340698
Uppal Depot,17.40453148,78.58956146
Uppal X Road,17.40089989,78.56009674
Uppal,17.40171242,78.56878662
Upparpally X Road,17.35617638,78.42237091
Upperguda,17.3604908,78.49880981
Upperpally(Hakimpet),17.35618782,78.42220306
Uppuguda,17.33897209,78.4822998
Urdu Hall,17.40207481,78.48368835
V.V.Nagar bustop,17.36298943,78.53045654
Vadigapally,17.56302834,78.29642487
Vaidehi Nagar,17.32110786,78.5695343
Vampuguda,17.499016,78.568157
Vanasthalipuram,17.3253746,78.57460022
Vani Nagar,17.45244598,78.53365326
Vasanth Nagar,17.49239731,78.38442993
Vasavi Nagar,17.46135521,78.50254059
Vattipally,17.32457161,78.46047211
Vavilala,17.62081909,78.35219574
Vayas nagar,17.3825894,78.3551836
Vayupuri,17.48345947,78.54459381
Veldurthi,15.553552,77.929387
Velemela,17.47577667,78.2388382
Vengal Rao Nagar,17.44182396,78.43611145
Venkata Reddy Nagar,17.38624382,78.52768707
Venkatagiri,17.432255,78.422108
Venkatapur,17.29712296,78.48922729
Venkatapuram Last,17.49384689,78.5055542
Venkateswara Colony(Hasthinapuram),17.32742119,78.54692078
Victory Play ground,17.38095665,78.48931122
Vidya Nagar,17.40278053,78.51017761
Vijaya Hospital,17.48228264,78.59479523
Vijaya Nagar Colony(New Mallepally),17.39520264,78.45498657
Vinayak Nagar,17.46921921,78.53910065
Vittal Rao Nagar,17.44088173,78.38279724
Vittal Wadi,17.39573288,78.48647308
Vivek Nagar,17.3870163,78.53245544
Vivekananda Nagar(Dilsukh Nagar),17.36305428,78.52739716
VST,17.40399933,78.50390625
Warasiguda,17.41973877,78.51733398
Water Tank(Boduppal),17.4188281,78.5673818
Water Tank(Bolaram),17.52723503,78.52262115
Waverock,17.418795,78.347598
West Marredpally,17.44923782,78.50076294
West Venkatapuram Last,17.49928284,78.49936676
White House,17.43078423,78.53556824
Wipro Campus,17.4261611,78.3431602
Wipro Circle,17.4385076,78.3302397
Womens college,17.38491821,78.48860168
Yacharam(Nagarjuna Sagar Road),17.0418663,78.66430664
Yadgiripally,17.53785706,78.63098145
Yadigirigutta APSRTC Bus Stand,17.58610344,78.94551849
Yakutpura,17.35951614,78.48513794
Yamjal,17.5647304,78.5222974
Yamnampet,17.45592308,78.6602478
Yapral,17.50472832,78.54012299
Yelkaguda,17.3512537,78.2278624
Yellamma Temple,17.44742203,78.44924164
Yellampet,17.66004,78.4970489
Yenkapally,17.32335472,78.31159973
YMCA(Koti),17.39559174,78.49073029
YMCA(Secunderabad),17.44261551,78.4987793
YMCA,17.407272,78.4564205
Yousufguda basti,17.43668175,78.43293762
Yousufguda Checkpost,17.43648911,78.42799377
Ziaguda,17.36626625,78.45103455
Zinda tili smath Co,17.39108467,78.5110321
Zoo Park,17.3510704,78.45226288
ZTS,17.45563507,78.55532837
